,id,name,team,date_of_employment,employment_type
0,6472,Camilla Bottigliero,DarkOrange,2005-05-13,Full time
1,26892,Pierpaolo Molesini-Endrizzi,Olive,1973-12-03,Full time
2,15856,Arnulfo Pignatti,Olive,1986-03-31,Full time
3,19972,Angelica Ferraris-Babato,DarkOrange,2005-01-27,Full time
4,14872,Marta Morlacchi-Santorio,DarkOrange,2019-04-23,Full time
5,249,Isabella Parisi-Ortese,Lime,2022-06-03,Full time
6,12758,Sig. Roberto Fantini,Olive,2006-11-10,Full time
7,23332,Sig. Benedetto Rosmini,Purple,1998-04-15,Full time
8,8697,Dario Tanzini,Olive,1973-12-13,Full time
9,9210,Benito Trentini,Lime,1981-03-27,Full time
10,1932,Giulietta Garrone,Purple,2007-03-27,Full time
11,10028,Fabia Modiano,LawnGreen,2010-03-13,Full time
12,3085,Antonina Cannizzaro-Camilleri,Olive,2022-05-22,Full time
13,14736,Concetta Bonaventura-Loredan,LawnGreen,2003-11-28,Full time
14,834,Mercedes Tassoni,Olive,1978-11-14,Full time
15,2165,Dolores Filangieri,LawnGreen,1987-12-29,Full time
16,41675,Marisa Leoncavallo,LawnGreen,2017-12-22,Full time
17,8166,Gionata Fieramosca-Pacetti,LawnGreen,2019-08-23,Full time
18,49395,Gianpietro Scamarcio-Cicilia,Olive,2012-06-10,Full time
19,34495,Donato Ligorio-Lercari,Purple,2010-11-01,Full time
20,1254,Hugo Detti,Purple,2012-01-26,Full time
21,33505,Baldassare Magnani,LawnGreen,2008-09-11,Full time
22,7633,Lando Fantini,DarkOrange,1987-03-02,Full time
23,15468,Giampiero Lattuada-Offredi,Olive,2014-08-23,Full time
24,4295,Morena Taccola-Cossiga,LawnGreen,1993-02-02,Full time
25,17850,Dott. Liliana Priuli,Lime,1989-08-06,Full time
26,1652,Eleanora Viola,DarkOrange,1992-04-02,Full time
27,8922,Lauretta Majorana,DarkOrange,2011-07-31,Full time
28,24030,Patrizia Tresoldi-Tamborini,Purple,1981-02-10,Full time
29,14602,Melina Bodoni-Balotelli,DarkOrange,1972-04-29,Full time
30,19448,Jolanda Tanzini,LawnGreen,1990-11-28,Full time
31,3165,Raffaello Malenchini,Purple,2014-07-12,Full time
32,6399,Gianni Troisi,Lime,1981-12-02,Full time
33,3401,Geronimo Argenti,Lime,2001-10-16,Full time
34,1554,Dino Galeati-Dibiasi,Olive,1998-04-26,Full time
35,7569,Sig.ra Melissa Saffi,LawnGreen,1988-04-25,Full time
36,14550,Fiamma Rinaldi,Lime,1993-04-30,Full time
37,28380,Ferdinando Donà,Olive,1976-12-27,Full time
38,6434,Ramona Platini-Albertini,DarkOrange,1986-03-19,Full time
39,18470,Graziella Pasolini,Purple,2020-03-08,Full time
40,6494,Filippa Cibin,Purple,2016-10-09,Full time
41,1139,Evangelista Niscoromni,Olive,1985-02-28,Full time
42,16638,Fiamma Moneta-Navarria,LawnGreen,2003-04-20,Full time
43,41200,Luigi Abba-Sismondi,Olive,1975-07-25,Full time
44,6821,Baccio Nicoletti,DarkOrange,1972-02-28,Full time
45,32765,Nicola Sanudo-Curatoli,DarkOrange,2013-03-25,Full time
46,7672,Angelina Ughi,Olive,2019-10-17,Full time
47,2526,Carmelo Salieri,Olive,1983-05-21,Full time
48,31560,Cristina Capone,Lime,1984-06-23,Full time
49,9081,Virgilio Fanucci,DarkOrange,1986-04-26,Full time
50,16686,Ermes Bulzoni,DarkOrange,1989-08-16,Full time
51,26080,Guglielmo Cerquiglini,Purple,2017-02-28,Full time
52,378,Alfio Einaudi,Purple,1974-05-07,Full time
53,48820,Gilberto Mastroianni,Purple,2003-06-27,Full time
54,15360,Mariana Govoni-Tozzo,Lime,1994-12-31,Full time
55,5975,Adele Gregorio,DarkOrange,1977-04-26,Full time
56,20160,Filippo Zaccagnini,LawnGreen,1982-02-03,Full time
57,33424,Donato Mercantini-Bianchi,Purple,1992-11-28,Full time
58,5880,Jolanda Roccabonella,Olive,1972-12-30,Full time
59,7237,Ronaldo Garozzo,DarkOrange,1997-06-02,Full time
60,15606,Michele Gotti-Badoglio,Olive,1991-03-29,Full time
61,7106,Panfilo Pisacane,Purple,2019-07-30,Full time
62,12492,Damiano Cibin,DarkOrange,2018-08-07,Full time
63,22035,Fausto Panicucci,Lime,2005-05-19,Full time
64,4476,Giuseppina Zacco-Caboto,LawnGreen,2019-12-21,Full time
65,1855,Carmelo Marinetti,Olive,2015-12-06,Full time
66,11064,Dott. Monica Cerutti,Purple,1970-08-07,Full time
67,4632,Sig.ra Fortunata Foscari,Lime,1978-04-12,Full time
68,7822,Maurizio Loredan,LawnGreen,2012-03-05,Full time
69,7812,Luigi Lopresti,DarkOrange,1989-03-08,Full time
70,10186,Sig. Roman Cagnotto,DarkOrange,1990-03-12,Full time
71,584,Rossana Bajamonti,Olive,2003-03-30,Full time
72,7562,Alberico Novaro,Olive,1977-06-07,Full time
73,5047,Lolita Veneziano,Olive,1982-04-10,Full time
74,408,Gianpietro Rizzo,Lime,2011-01-17,Full time
75,16395,Amico Pergolesi,Purple,1984-10-04,Full time
76,22870,Sig. Raffaele Palladio,LawnGreen,1972-07-28,Full time
77,43065,Gabriella Piovani,Lime,1980-12-11,Full time
78,5916,Pier Donarelli-Modugno,DarkOrange,1987-09-07,Full time
79,26645,Marta Berlusconi,Lime,2017-12-10,Full time
80,38048,Vincentio Carullo,Purple,2018-04-10,Full time
81,27556,Armando Filippelli,LawnGreen,2019-01-09,Full time
82,16056,Dott. Filippa Pace,Lime,2019-10-21,Full time
83,27520,Raffaello Ziani,Olive,2001-08-29,Full time
84,7773,Irma Parri,Olive,2014-03-28,Full time
85,1000,Mariano Togliatti,DarkOrange,1987-11-18,Full time
86,29750,Fulvio Pizziol,Lime,1998-05-30,Full time
87,29073,Fredo Interminelli,LawnGreen,1976-08-30,Full time
88,17076,Renzo Nugnes,Lime,2015-10-08,Full time
89,47540,Raimondo Saragat-Barcaccia,Purple,1995-08-24,Full time
90,25670,Gianmarco Carriera-Guinizzelli,Lime,1974-01-11,Full time
91,2048,Gabriella Iannuzzi,Olive,2012-11-11,Full time
92,25107,Enzo Berlusconi,DarkOrange,1997-06-28,Full time
93,11056,Viridiana Polesel,Olive,2013-07-22,Full time
94,1740,Nicola Ceravolo,DarkOrange,1988-11-06,Full time
95,6942,Sonia Dossetti,Lime,1974-09-02,Full time
96,2067,Dott. Ramona Gadda,Olive,1978-02-09,Full time
97,18364,Bartolomeo Benigni,DarkOrange,2002-01-11,Full time
98,1652,Maria Ponti-Broschi,Lime,1982-01-28,Full time
99,6942,Adele Letta,Purple,1972-03-15,Full time
100,8546,Lucia Scotti,Lime,2019-06-14,Full time
101,27081,Liberto Toldo,Purple,1987-02-10,Full time
102,15058,Sig. Fedele Borrani,DarkOrange,1998-04-25,Full time
103,33188,Tiziana Proietti,Olive,2001-08-27,Full time
104,32592,Emma Troisi-Marrone,DarkOrange,2007-09-01,Full time
105,5758,Riccardo Lollobrigida,Olive,1995-01-11,Full time
106,4600,Gino Ludovisi,LawnGreen,2008-06-01,Full time
107,2895,Zaira Cerutti,LawnGreen,1998-01-30,Full time
108,38135,Dott. Fabrizia Zanichelli,LawnGreen,2020-03-29,Full time
109,4676,Maria Rizzo-Greco,Purple,2011-02-25,Full time
110,24996,Loredana Scarfoglio,DarkOrange,2016-02-27,Full time
111,1866,Valentina Pisaroni-Trentin,Lime,1975-04-15,Full time
112,39615,Dott. Ermes Golgi,Purple,2001-08-13,Full time
113,3971,Dott. Massimo Solimena,Lime,2020-02-18,Full time
114,35308,Annetta Stoppani,Purple,1986-05-26,Full time
115,28630,Guido Combi,Olive,1991-01-08,Full time
116,21732,Federica Varano-Jacuzzi,Olive,1993-03-25,Full time
117,9650,Sig.ra Alina Ceci,LawnGreen,1992-01-16,Full time
118,14936,Renzo Togliatti,LawnGreen,2010-03-27,Full time
119,5490,Beppe Baggio,LawnGreen,2004-12-10,Full time
120,23811,Loredana Travaglia,Purple,2012-07-20,Full time
121,1276,Osvaldo Abba,DarkOrange,2015-12-05,Full time
122,5448,Fredo Giammusso-Turchetta,Purple,2007-02-28,Full time
123,2188,Liana Omma-Morellato,Lime,2022-01-04,Full time
124,28077,Sig. Lorenzo Bettoni,Olive,1988-08-03,Full time
125,33030,Aldo Ostinelli,LawnGreen,1977-05-24,Full time
126,11408,Rita Mogherini,DarkOrange,1987-01-08,Full time
127,43495,Sig.ra Paola Palmisano,DarkOrange,2009-05-04,Full time
128,9956,Lisa Giacometti,LawnGreen,1986-08-10,Full time
129,21435,Laureano Galiazzo,Purple,2013-01-04,Full time
130,30604,Sig. Vittorio Contrafatto,Olive,1991-02-13,Full time
131,10332,Alfredo Marrone-Vespucci,Lime,1980-01-14,Full time
132,18990,Napoleone Stradivari,Purple,2014-11-20,Full time
133,15748,Pierina Morandini,DarkOrange,1989-08-19,Full time
134,35844,Eugenia Querini,Lime,1997-02-05,Full time
135,6361,Eleanora Chechi,LawnGreen,2000-10-26,Full time
136,5376,Fabia Bignami,LawnGreen,1971-10-10,Full time
137,1485,Rosa Duodo,Olive,2020-05-03,Full time
138,9637,Raffaella Vento,LawnGreen,1985-02-03,Full time
139,10466,Arnulfo Bazzi,Lime,1971-08-18,Full time
140,2304,Sig. Ranieri Necci,Lime,2020-02-06,Full time
141,23016,Giuliana Finzi-Bellini,DarkOrange,2022-03-08,Full time
142,5859,Geronimo Marinetti,DarkOrange,1974-10-22,Full time
143,3960,Serafina Ajello,DarkOrange,2001-11-29,Full time
144,18820,Ruggero Detti-Gramsci,DarkOrange,2015-09-11,Full time
145,21876,Viridiana Bettin,Purple,2014-08-22,Full time
146,39015,Ludovica Trobbiani,Purple,2014-02-03,Full time
147,29715,Claudia Alboni-Trombetta,LawnGreen,1970-10-22,Full time
148,13580,Mirco Marcacci,DarkOrange,2004-06-06,Full time
149,6798,Sig.ra Lilla Fermi,DarkOrange,1977-02-27,Full time
150,10316,Dott. Maria Donini,LawnGreen,1982-08-13,Full time
151,14044,Lando Tarchetti,Olive,1981-11-25,Full time
152,7575,Valeria Bellucci,Olive,1981-01-17,Full time
153,2787,Pietro Sobrero,DarkOrange,1975-06-15,Full time
154,10412,Alfio Romano,Purple,2006-05-05,Full time
155,16134,Ottavio Tamborini,LawnGreen,1970-10-20,Full time
156,25624,Sig.ra Lilla Crespi,Olive,2010-06-29,Full time
157,16886,Sandra Antonello,Olive,1990-07-06,Full time
158,10704,Isa Stein,DarkOrange,1998-12-04,Full time
159,23472,Sig. Amleto Garobbio,Purple,1996-08-02,Full time
160,38688,Amadeo Malatesta,DarkOrange,1985-05-01,Full time
161,3565,Dott. Nedda Greco,LawnGreen,2019-11-03,Full time
162,9778,Pierina Delle,DarkOrange,2012-06-28,Full time
163,15992,Dott. Francesca Trillini,Lime,2015-05-31,Full time
164,35068,Fernanda Pistoletto,Olive,1975-04-04,Full time
165,8274,Adele Piccinni,Olive,1972-04-05,Full time
166,8871,Loretta Bragadin,LawnGreen,2019-04-11,Full time
167,950,Chiara Parmitano,Purple,1995-01-22,Full time
168,39660,Ezio Dulbecco,LawnGreen,2020-08-23,Full time
169,6565,Letizia Pedrazzini,LawnGreen,2017-09-30,Full time
170,47650,Sig. Dante Persico,LawnGreen,2008-08-27,Full time
171,9478,Giuliana Leoncavallo,Purple,2009-01-06,Full time
172,1566,Ranieri Villarosa,LawnGreen,1970-04-20,Full time
173,3454,Piergiuseppe Caracciolo-Tuzzolino,DarkOrange,2005-08-12,Full time
174,14850,Angelica Tosto,Purple,1994-12-12,Full time
175,29560,Imelda Manacorda,Lime,2021-04-10,Full time
176,38400,Gioffre Gotti,Lime,2013-03-30,Full time
177,29967,Claudio Turrini,Olive,2009-12-13,Full time
178,4620,Isa Squarcione-Venier,DarkOrange,1982-03-25,Full time
179,7926,Anita Bellò,LawnGreen,1993-03-10,Full time
180,3310,Sig. Luciano Scaduto,Olive,2013-02-20,Full time
181,9052,Letizia Petrassi,DarkOrange,2014-10-17,Full time
182,4506,Giampaolo Traversa,Olive,2009-12-27,Full time
183,7233,Michela Garozzo,LawnGreen,1995-09-27,Full time
184,18234,Gian Beccaria,Purple,1976-07-10,Full time
185,46695,Raffaele Trupiano-Perini,Lime,2003-12-12,Full time
186,740,Gastone Scotto,DarkOrange,2011-04-02,Full time
187,44505,Eraldo Ferretti,LawnGreen,1993-12-12,Full time
188,19115,Germana Polani,Olive,1992-08-05,Full time
189,17536,Gian Argan,DarkOrange,2003-12-24,Full time
190,15886,Silvestro Balotelli,LawnGreen,2002-03-23,Full time
191,19056,Lauretta Giammusso,Olive,1972-10-10,Full time
192,8652,Dina Olivetti,LawnGreen,2003-08-28,Full time
193,19590,Emma Carullo,LawnGreen,1972-01-27,Full time
194,27728,Claudia Camuccini,Olive,2004-01-26,Full time
195,7324,Barbara Calarco,LawnGreen,1994-05-16,Full time
196,16592,Susanna Guarato-Bembo,Purple,2020-03-17,Full time
197,15615,Gino Cuomo,Lime,1970-10-29,Full time
198,43990,Sig.ra Angelina Gentili,Purple,1977-01-05,Full time
199,6825,Dott. Salvatore Berengario,Olive,1998-04-26,Full time
200,23868,Dott. Camilla Filzi,LawnGreen,1979-05-18,Full time
201,3146,Micheletto Micca-Campanella,Olive,1996-10-14,Full time
202,4262,Dott. Tatiana Frescobaldi,Lime,2012-04-12,Full time
203,5315,Marcella Donini,LawnGreen,2006-07-21,Full time
204,17508,Eva Ajello,DarkOrange,1990-03-18,Full time
205,8322,Gioachino Fittipaldi,Lime,2004-06-05,Full time
206,11700,Nedda Majewski,LawnGreen,2021-11-01,Full time
207,22340,Sig.ra Marissa Gravina,LawnGreen,1995-05-01,Full time
208,26840,Gabriella Cerutti,LawnGreen,2018-01-29,Full time
209,22983,Lucia Marangoni,Lime,1999-01-30,Full time
210,23757,Sig.ra Aurora Barcella,Purple,2001-03-17,Full time
211,44610,Lando Fieramosca,Olive,2022-05-05,Full time
212,7686,Pompeo Tarantini-Emanuelli,Olive,2017-02-01,Full time
213,14524,Maria Rapisardi,Lime,2003-11-25,Full time
214,14936,Dott. Irma Carocci,LawnGreen,1974-11-14,Full time
215,7449,Dott. Gaspare Bonanno,Purple,2019-05-29,Full time
216,5826,Mariana Tartaglia-Corradi,Olive,2008-05-19,Full time
217,821,Marisa Cassarà,LawnGreen,1974-08-04,Full time
218,4371,Camilla Interiano,DarkOrange,2006-03-13,Full time
219,10590,Sig. Gastone Modugno,Purple,1976-08-03,Full time
220,11838,Sig. Tiziano Faggiani,Lime,1984-06-25,Full time
221,42150,Tina Civaschi-Moneta,DarkOrange,2004-08-22,Full time
222,24695,Micheletto Cagnotto,LawnGreen,1982-11-11,Full time
223,6663,Sandro Pertini,Olive,1975-11-03,Full time
224,8095,Giovanni Biagi,DarkOrange,1975-12-29,Full time
225,43055,Griselda Marrone,Lime,1988-01-04,Full time
226,1228,Alfredo Tacchini,Olive,2009-05-22,Full time
227,4780,Serena Segrè,LawnGreen,2018-11-26,Full time
228,1696,Lara Pucci,DarkOrange,2012-02-06,Full time
229,43170,Sig. Oreste Monduzzi,Olive,1973-09-23,Full time
230,14946,Sig.ra Raffaella Luna,Purple,1986-08-07,Full time
231,2410,Luigina Musatti,LawnGreen,1996-01-29,Full time
232,1344,Telemaco Manunta,DarkOrange,2000-08-07,Full time
233,21435,Sig.ra Giulia Ruggieri,LawnGreen,2011-10-05,Full time
234,38864,Amico Angeli-Moneta,DarkOrange,2017-01-20,Full time
235,1914,Ricciotti Scotto,Lime,1973-11-19,Full time
236,25664,Raimondo Vismara-Federici,Lime,2021-03-31,Full time
237,2498,Sig.ra Sonia Rastelli,DarkOrange,1980-12-09,Full time
238,27798,Giuseppina Guarato,DarkOrange,1972-05-09,Full time
239,7640,Sig.ra Ornella Fagotto,DarkOrange,1997-07-31,Full time
240,9610,Lando Brunello,DarkOrange,1976-07-31,Full time
241,40725,Rocco Moccia-Giulietti,DarkOrange,1992-04-04,Full time
242,24325,Osvaldo Detti,Olive,1981-08-17,Full time
243,37408,Ezio Rapisardi-Montalti,Olive,1974-08-09,Full time
244,23175,Dott. Roberto Emanuelli,LawnGreen,1975-07-11,Full time
245,17044,Vittoria Porcellato,LawnGreen,1989-09-17,Full time
246,25617,Paloma Bianchini-Cignaroli,DarkOrange,2016-12-11,Full time
247,12420,Sig.ra Sophia Ferragni,LawnGreen,1984-03-11,Full time
248,6125,Elladio Mozart,Purple,1995-12-03,Full time
249,5674,Marisa Panicucci,Purple,2003-04-05,Full time
250,9144,Domenico Gangemi,Olive,1999-11-23,Full time
251,5534,Rodolfo Micheletti,Purple,1973-10-30,Full time
252,7160,Paoletta Zanazzo,DarkOrange,2019-09-24,Full time
253,29788,Gemma Endrizzi,Purple,1988-09-24,Full time
254,39184,Dott. Ronaldo Carosone,DarkOrange,2006-08-03,Full time
255,1905,Sole Balotelli-Moretti,Olive,2015-05-30,Full time
256,3975,Dott. Eugenia Muti,Olive,2000-02-17,Full time
257,29380,Toni Mattarella,Purple,1996-11-15,Full time
258,42095,Fulvio Cagnotto-Mortati,Olive,2017-08-22,Full time
259,1343,Stefania Medici,LawnGreen,1973-03-24,Full time
260,6834,Marcantonio Caffarelli-Nosiglia,LawnGreen,1980-05-08,Full time
261,3853,Saverio Boiardo,Lime,2015-12-19,Full time
262,7920,Antonio Bergoglio-Zola,DarkOrange,1986-10-28,Full time
263,30610,Luca Canil,Olive,2017-08-22,Full time
264,41615,Dott. Guarino Zeffirelli,DarkOrange,1981-03-06,Full time
265,2270,Dott. Marina Barzini,Olive,2014-02-07,Full time
266,17094,Gaetano Gozzi,DarkOrange,1976-12-02,Full time
267,3128,Liberto Tremonti,DarkOrange,2011-06-13,Full time
268,7484,Valerio Pavarotti,LawnGreen,2012-03-02,Full time
269,15560,Melania Maffei,Purple,1977-08-17,Full time
270,4915,Antonietta Pirelli,Olive,2006-06-20,Full time
271,11872,Corrado Fusani-Bosurgi,DarkOrange,1972-10-15,Full time
272,800,Nino Stoppani,DarkOrange,2000-03-02,Full time
273,12130,Dott. Melania Agnesi,Olive,2002-03-15,Full time
274,39070,Luigina Randazzo,DarkOrange,1977-03-20,Full time
275,25316,Sig. Franco Lombardo,LawnGreen,2006-02-22,Full time
276,17965,Annibale Pareto-Rossi,Purple,1974-10-14,Full time
277,12524,Telemaco Babato,Olive,1983-09-11,Full time
278,12644,Sig. Jacopo Pederiva,LawnGreen,2020-05-07,Full time
279,9395,Luciana Ottino,Purple,1997-07-30,Full time
280,34472,Germana Malatesta-Cutuli,Lime,1998-11-26,Full time
281,5284,Ermes Ferrata,Purple,1975-12-18,Full time
282,231,Sandro Filippelli,Lime,2009-08-28,Full time
283,5499,Daniele Geraci,Olive,1978-09-12,Full time
284,2249,Irma Bongiorno,Lime,1998-02-14,Full time
285,7932,Rossana Luna-Borromeo,LawnGreen,2019-02-27,Full time
286,11195,Sandra Ziani-Mastroianni,Purple,2019-02-11,Full time
287,3828,Fausto Coardi,Olive,2016-10-21,Full time
288,4856,Ludovica Tagliafierro,LawnGreen,1977-11-09,Full time
289,7970,Cecilia Mezzetta,LawnGreen,2005-01-04,Full time
290,8472,Arnulfo Mimun,DarkOrange,2005-01-10,Full time
291,6760,Ottone Cibin,LawnGreen,1987-05-08,Full time
292,267,Rembrandt Gradenigo,Lime,1998-04-29,Full time
293,9100,Giampaolo Pirandello,DarkOrange,2002-10-07,Full time
294,1434,Fabrizia Caruso,Olive,2003-11-16,Full time
295,38960,Manuel Troisi,LawnGreen,2022-10-20,Full time
296,10512,Alessio Scalera,Lime,1979-07-06,Full time
297,1815,Ferdinando Roth,Olive,2014-07-28,Full time
298,356,Vito Lettiere-Tomasetti,LawnGreen,2008-03-22,Full time
299,29958,Dott. Gilberto Salata,Lime,1970-12-02,Full time
300,454,Ida Letta-Longhena,Lime,1991-07-09,Full time
301,40080,Gianfrancesco Brenna,DarkOrange,1989-01-08,Full time
302,8670,Coriolano Moschino-Parini,LawnGreen,1986-07-25,Full time
303,48780,Ivo Ariasso,DarkOrange,1991-04-10,Full time
304,5218,Marcella Giannetti,LawnGreen,2020-09-13,Full time
305,16616,Nadia Rosiello,DarkOrange,2010-01-26,Full time
306,14824,Ettore Borgia,Lime,2004-05-10,Full time
307,24528,Cecilia Pucci,LawnGreen,1984-03-07,Full time
308,9784,Bettina Scalfaro-Bergoglio,Purple,2018-04-09,Full time
309,11192,Saverio Montanelli,Olive,2021-02-17,Full time
310,25515,Cristina Antonello,Olive,2007-02-28,Full time
311,13555,Gionata Verga,LawnGreen,2012-07-05,Full time
312,18414,Giuliana Paolucci,Lime,1992-02-18,Full time
313,13100,Calcedonio Lombardi,LawnGreen,2021-09-23,Full time
314,23370,Fiorino Galiazzo,DarkOrange,2018-03-23,Full time
315,1798,Sig. Nino Littizzetto,LawnGreen,2003-07-28,Full time
316,6578,Giustino Faggiani,Olive,1980-05-17,Full time
317,39885,Maura Caboto,LawnGreen,2013-11-22,Full time
318,6212,Renata Inzaghi,DarkOrange,1999-01-23,Full time
319,5937,Gino Scalfaro,DarkOrange,1978-09-30,Full time
320,5224,Paride Visintini,Lime,2006-05-15,Full time
321,26160,Amedeo Valmarana,Olive,1985-07-13,Full time
322,680,Dott. Valeria Palazzo,Olive,1994-07-21,Full time
323,18050,Giampaolo Bataglia-Niscoromni,Olive,1984-07-28,Full time
324,8835,Sandra Caccianemico,Purple,1989-02-25,Full time
325,12444,Roman Calarco,DarkOrange,2000-03-20,Full time
326,29436,Dott. Luigina Esposito,LawnGreen,2019-12-21,Full time
327,47385,Sig.ra Gabriella Palumbo,Olive,2009-05-02,Full time
328,14079,Rosaria Piccinni-Malipiero,Lime,1986-06-20,Full time
329,12366,Raffaello Napolitano,Lime,1990-05-30,Full time
330,15944,Rosalia Loredan,Purple,2002-04-12,Full time
331,12118,Clelia Olivetti-Golino,LawnGreen,1995-09-21,Full time
332,27720,Sole Russo,Purple,1995-10-29,Full time
333,29628,Enzio Zanzi,Purple,2006-03-24,Full time
334,10576,Fiorino Trebbi,Lime,1979-03-16,Full time
335,11588,Ugo Delle-Bertolucci,LawnGreen,2006-11-06,Full time
336,3073,Milena Puglisi,LawnGreen,1991-05-10,Full time
337,8890,Fredo Angiolello,LawnGreen,2010-03-11,Full time
338,25020,Sig. Roberto Majorana,LawnGreen,1990-07-12,Full time
339,5196,Ennio Saracino-Schicchi,Olive,1982-01-05,Full time
340,5960,Nico Gianetti,Olive,1981-02-14,Full time
341,9465,Antonino Toso,DarkOrange,1999-08-24,Full time
342,17942,Maria Ravaglioli,LawnGreen,2011-06-10,Full time
343,31948,Concetta Napolitano-Satta,Olive,1998-01-05,Full time
344,117,Dott. Ugolino Zamengo,Purple,1971-11-29,Full time
345,3678,Gemma Marsili,Purple,1981-01-25,Full time
346,646,Fiamma Berlusconi,DarkOrange,1977-01-18,Full time
347,18310,Pierangelo Balbo,DarkOrange,2001-03-26,Full time
348,7620,Dott. Imelda Argenti,LawnGreen,1982-03-13,Full time
349,4123,Fabrizio Barracco,Lime,2008-11-21,Full time
350,21951,Giuliana Ossani,Lime,2002-09-21,Full time
351,13320,Antonina Segni,Lime,1973-03-12,Full time
352,5745,Baldassare Camuccini,DarkOrange,2013-06-28,Full time
353,1328,Fredo Calgari,DarkOrange,2006-09-15,Full time
354,5571,Sergius Boito,LawnGreen,1987-09-16,Full time
355,4213,Elisa Polizzi,Olive,1979-04-29,Full time
356,12226,Augusto Rosselli,Purple,1979-03-13,Full time
357,42495,Stella Ioppi-Catalano,Lime,1981-01-08,Full time
358,12765,Marcella Gasperi,Olive,2015-09-08,Full time
359,48910,Sig. Toni Versace,Olive,2007-08-30,Full time
360,3821,Virginia Quasimodo,Lime,1971-10-01,Full time
361,3109,Elladio Ortolani-Proietti,LawnGreen,2005-04-04,Full time
362,6801,Sig. Alberico Canil,DarkOrange,1980-02-18,Full time
363,20496,Adele Angiolello,Purple,2005-02-25,Full time
364,5748,Adele Pozzecco-Cignaroli,LawnGreen,1997-08-06,Full time
365,3640,Sig. Ansaldo Omma,Olive,1972-07-04,Full time
366,14830,Milo Rossini,Lime,1997-12-21,Full time
367,19665,Vanessa Zanazzo,Olive,1973-05-28,Full time
368,14084,Hugo Chindamo,Olive,1983-05-04,Full time
369,36050,Dott. Lilla Petruzzi,LawnGreen,1989-02-21,Full time
370,19868,Angelica Emanuelli,DarkOrange,1997-12-18,Full time
371,24915,Piergiorgio Columbo,Purple,2018-12-06,Full time
372,7152,Bernardo Mercantini-Finotto,Lime,1974-01-11,Full time
373,19805,Toni Scialpi,Lime,1982-06-12,Full time
374,3768,Micheletto Scamarcio,DarkOrange,1992-07-09,Full time
375,14184,Gabriella Ferragamo,LawnGreen,1995-07-27,Full time
376,10425,Lauretta Niggli,DarkOrange,1995-07-14,Full time
377,17732,Vittoria Cilea,Lime,1983-02-20,Full time
378,4092,Dott. Fedele Nonis,DarkOrange,2003-06-03,Full time
379,4805,Imelda Battelli,Lime,1986-08-21,Full time
380,31985,Vito Balbo,Lime,2011-10-13,Full time
381,14668,Alfio Mannoia,LawnGreen,1972-07-17,Full time
382,2919,Laureano Vespucci,DarkOrange,1987-04-24,Full time
383,8400,Mirko Bocca,Lime,2018-09-04,Full time
384,24785,Sig.ra Lucia Natta,DarkOrange,1982-06-20,Full time
385,20056,Alberto Fantini,Lime,2014-10-30,Full time
386,19676,Fortunata Gullotta,LawnGreen,1997-05-21,Full time
387,5538,Livio Farnese,Purple,1979-01-06,Full time
388,11480,Elisa Marazzi,Purple,2006-06-11,Full time
389,716,Elisa Tarantino,LawnGreen,1997-10-07,Full time
390,970,Evangelista Zaccagnini,DarkOrange,2021-09-11,Full time
391,7854,Annunziata Gravina,Purple,1981-12-23,Full time
392,16308,Federica Castioni-Montanari,Olive,2003-01-19,Full time
393,4012,Ermes Marangoni,Purple,2005-12-10,Full time
394,38255,Graziano Ginesio,DarkOrange,2003-01-19,Full time
395,26790,Ninetta Gullotta,Lime,2010-07-30,Full time
396,26148,Alessio Casaleggio,Lime,1991-09-05,Full time
397,2665,Dott. Oreste Pasolini,Lime,1971-11-11,Full time
398,13110,Adriana Pezzali-Pizzetti,DarkOrange,2018-05-09,Full time
399,40065,Dott. Maria Abate,Purple,1993-08-16,Full time
400,4266,Raffaella Ferrata,DarkOrange,1991-09-12,Full time
401,13455,Antonietta Boezio,Lime,1986-05-24,Full time
402,12704,Matilda Angeli,Purple,2019-12-23,Full time
403,7808,Zaira Verdone,Olive,1993-03-23,Full time
404,26715,Marissa Curci,DarkOrange,1970-10-02,Full time
405,5088,Filippo Sokolov-Bottigliero,Lime,2000-06-15,Full time
406,23328,Iolanda Malatesta,Purple,2021-04-14,Full time
407,7372,Gianfranco Spinelli,LawnGreen,1988-05-24,Full time
408,1235,Pasquale Medici-Amaldi,Olive,2021-07-13,Full time
409,47480,Angelica Pacelli,Purple,1984-01-20,Full time
410,5017,Dott. Tina Cantimori,LawnGreen,1973-05-13,Full time
411,313,Dante Abba,Olive,2000-10-13,Full time
412,5624,Baccio Tonisto,Olive,2021-03-16,Full time
413,49335,Dott. Fabia Renault,Lime,1988-03-14,Full time
414,7208,Aurora Nitti,DarkOrange,2019-06-22,Full time
415,18420,Michele Finotto,LawnGreen,2011-01-16,Full time
416,9282,Graziella Cassarà,LawnGreen,1990-09-22,Full time
417,5493,Dott. Salvatore Liguori,DarkOrange,1972-02-12,Full time
418,22685,Marcantonio Ferrante,Purple,1988-07-27,Full time
419,5535,Franco Soffici,Purple,2017-04-29,Full time
420,17656,Antonina Moschino,DarkOrange,1985-05-19,Full time
421,19218,Laureano Borromini,Olive,1994-03-06,Full time
422,1074,Agnolo Abba,Lime,1997-07-10,Full time
423,1103,Lilla Vianello,LawnGreen,2020-06-12,Full time
424,27140,Sig.ra Romana Parisi,DarkOrange,1993-06-02,Full time
425,47145,Viridiana Luria-Sollima,Purple,2004-10-28,Full time
426,4188,Mariana Dandolo-Ferrata,Purple,2020-02-20,Full time
427,23265,Sonia Grifeo,DarkOrange,1991-12-28,Full time
428,9072,Letizia Morucci,Olive,2010-04-27,Full time
429,7698,Toni Giradello,DarkOrange,1996-10-19,Full time
430,5210,Elladio Amaldi,Purple,2012-03-25,Full time
431,9229,Lara Filippelli,DarkOrange,2001-08-22,Full time
432,39760,Gioacchino Sforza-Bosio,Purple,1973-08-09,Full time
433,13170,Michelotto Orlando,DarkOrange,2000-08-02,Full time
434,16542,Domenico Pontecorvo,DarkOrange,1976-08-29,Full time
435,3865,Melania Traetta,Olive,2002-03-20,Full time
436,5360,Gustavo Salvemini,Olive,1991-03-20,Full time
437,1122,Marisa Zaguri,Lime,2000-02-02,Full time
438,1206,Calcedonio Satta,Olive,2013-02-08,Full time
439,12956,Napoleone Malipiero,LawnGreen,1982-05-29,Full time
440,4385,Milena Chiaramonte,Olive,1974-05-02,Full time
441,15448,Dott. Fabia Murri,LawnGreen,1971-12-27,Full time
442,36385,Paolo Vitturi,Lime,2008-10-04,Full time
443,5755,Fiorenzo Ortese,LawnGreen,2014-09-07,Full time
444,484,Liberto Pelli,Purple,2020-11-24,Full time
445,44630,Giulia Cerutti-Leoncavallo,Purple,1981-09-29,Full time
446,8278,Livia Spinelli,Olive,1980-04-17,Full time
447,1020,Jolanda Boldù,Olive,2011-07-16,Full time
448,44745,Greca Montesano,Olive,2006-05-01,Full time
449,3572,Jolanda Mascagni,Olive,1975-03-06,Full time
450,38900,Romeo Ferragni,Olive,2012-09-22,Full time
451,27668,Sig. Vincentio Antonucci,Olive,1987-11-09,Full time
452,1406,Alessandra Satta,LawnGreen,2007-04-19,Full time
453,38184,Luisa Regge,LawnGreen,2006-09-13,Full time
454,39824,Antonella Armani,Purple,1994-03-13,Full time
455,34850,Lara Cristoforetti,DarkOrange,1980-07-15,Full time
456,14130,Dott. Michela Polani,Olive,2019-11-05,Full time
457,10128,Eliana Mastroianni,Purple,1975-07-16,Full time
458,66,Camillo Tagliafierro,LawnGreen,1980-09-14,Full time
459,25944,Gioachino Guariento-Palladio,LawnGreen,1986-03-29,Full time
460,26845,Donatella Faranda,DarkOrange,2015-02-15,Full time
461,4806,Venancio Tanzini,LawnGreen,2019-04-14,Full time
462,3000,Alfio Sansoni,Lime,2001-03-15,Full time
463,17460,Piergiuseppe Campise,DarkOrange,1971-12-08,Full time
464,10893,Virginia Antelami,Lime,1995-10-30,Full time
465,157,Mauro Forza,Purple,1978-03-08,Full time
466,1746,Rosario Praga-Cassarà,LawnGreen,2017-07-14,Full time
467,21710,Dott. Guarino Franscini,DarkOrange,2003-07-01,Full time
468,37145,Ezio Valguarnera,Olive,1988-02-16,Full time
469,24480,Oreste Asmundo,Purple,1977-10-22,Full time
470,16794,Piergiorgio Gentili-Tomasetti,DarkOrange,1978-01-23,Full time
471,20610,Lilla Babbo,LawnGreen,1974-08-15,Full time
472,1473,Sig.ra Adele Gigli,DarkOrange,1993-01-08,Full time
473,3574,Vincentio Agostinelli,DarkOrange,2000-03-25,Full time
474,32720,Lazzaro Paganini,Purple,1975-05-13,Full time
475,19244,Osvaldo Smirnoff-Juvara,Purple,1986-12-08,Full time
476,7072,Vincentio Ughi-Oscuro,DarkOrange,1993-06-14,Full time
477,37485,Olga Pellico,Lime,2020-12-26,Full time
478,18380,Dott. Delfino Liverotti,Purple,2013-11-27,Full time
479,24892,Maurilio Rosiello-Moschino,Olive,1993-11-15,Full time
480,22340,Imelda Riccati,DarkOrange,1983-12-15,Full time
481,33445,Amadeo Rinaldi,Purple,2005-05-18,Full time
482,2936,Franco Biagi-Trapani,Purple,1994-08-03,Full time
483,18780,Pellegrino Franscini,LawnGreen,1989-01-02,Full time
484,9056,Michelotto Agazzi,Olive,1987-04-16,Full time
485,4580,Sig.ra Sandra Niscoromni,Olive,2021-10-04,Full time
486,4160,Piersanti Ferrabosco,Purple,1986-12-21,Full time
487,1170,Durante Petrucci,Purple,1983-05-28,Full time
488,44145,Sig.ra Giulia Prada,LawnGreen,1979-06-26,Full time
489,15590,Barbara Sansoni,Lime,1976-12-24,Full time
490,8562,Serena Tacchini-Cuda,Lime,1987-06-05,Full time
491,27205,Silvestro Nolcini,Olive,2020-12-20,Full time
492,8010,Alessandro Fanucci,DarkOrange,1994-11-16,Full time
493,7028,Graziella Renzi,LawnGreen,2010-10-01,Full time
494,9272,Sergius Pratesi,Purple,1999-11-06,Full time
495,16290,Dott. Emma Esposito,Olive,1984-11-22,Full time
496,10683,Alfredo Soderini,LawnGreen,2008-03-05,Full time
497,48395,Massimo Gigli,DarkOrange,2012-11-15,Full time
498,17817,Paoletta Capuana,Purple,2015-01-30,Full time
499,28374,Leopoldo Buonauro,Purple,1979-04-23,Full time
500,29904,Sig. Gianfranco Balla,Lime,1985-10-04,Half time
501,15158,Romeo Borroni-Brichese,DarkOrange,2000-01-02,Half time
502,24015,Antonia Sermonti,Olive,2004-08-31,Half time
503,7408,Gastone Pelli,Olive,1989-12-21,Half time
504,2236,Ansaldo Parpinel-Roero,Olive,1976-02-17,Half time
505,1682,Aurora Manolesso,DarkOrange,2001-04-24,Half time
506,38568,Dott. Giuliano Carpaccio,LawnGreen,2016-10-02,Half time
507,14928,Dolores Raimondi,Purple,2008-10-08,Half time
508,7560,Sylvia Morricone,DarkOrange,2021-07-31,Half time
509,20961,Dott. Lina Savorgnan,Olive,1978-05-31,Half time
510,5172,Mercedes Marinetti-Virgilio,Lime,1995-10-16,Half time
511,37696,Irma Tasca,Lime,2018-08-20,Half time
512,26946,Ivan Bellocchio,Purple,2002-08-24,Half time
513,121,Eva Guglielmi,Purple,1997-03-18,Half time
514,800,Dott. Fabia Campano,DarkOrange,2002-11-20,Half time
515,23517,Aldo Monteverdi,Purple,2021-08-27,Half time
516,26836,Fabia Dellucci,Purple,1985-02-18,Half time
517,3953,Camilla Trentin,DarkOrange,1999-04-05,Half time
518,8888,Manuel Toscani-Coppola,DarkOrange,2012-05-21,Half time
519,18712,Flavio Biagi,DarkOrange,1973-09-21,Half time
520,1513,Dott. Vittorio Pascarella,LawnGreen,2000-02-27,Half time
521,6486,Raffaello Carpaccio,LawnGreen,2017-09-03,Half time
522,1864,Alberto Pizzetti,Purple,2001-12-07,Half time
523,1104,Ubaldo Calbo,Lime,2014-03-26,Half time
524,11376,Eraldo Marzorati,DarkOrange,1975-01-17,Half time
525,42825,Ivan Cossiga,DarkOrange,1970-04-27,Half time
526,15246,Fiamma Benussi,LawnGreen,2002-06-22,Half time
527,16430,Sig. Gianfrancesco Roero,Olive,1998-04-12,Half time
528,9778,Cristina Emanuelli-Barcaccia,Olive,1982-05-22,Half time
529,14075,Federico Doglioni,Lime,1983-10-26,Half time
530,15006,Gustavo Smirnoff,DarkOrange,2014-01-24,Half time
531,10052,Dott. Pierpaolo Agazzi,DarkOrange,1990-07-04,Half time
532,12540,Filippa Tamburini,Purple,1977-06-24,Half time
533,25821,Vittoria Travia-Zola,Lime,1977-10-09,Half time
534,7174,Guglielmo Gasperi,DarkOrange,1996-10-01,Half time
535,4780,Dott. Rodolfo Musatti,Lime,2022-10-03,Half time
536,29262,Ottone Villarosa,Olive,1982-06-16,Half time
537,3653,Domenico Sagese,Olive,1998-08-10,Half time
538,12651,Dott. Ronaldo Bondumier,Lime,2006-02-16,Half time
539,9190,Giuliano Rossi,Lime,1972-05-21,Half time
540,9214,Valerio Bellocchio,Purple,1995-01-19,Half time
541,8548,Beppe Carosone,Purple,1990-06-05,Half time
542,17997,Giovanna Asprucci,Lime,1980-04-22,Half time
543,6698,Venancio Giolitti,Purple,1970-10-15,Half time
544,6132,Annibale Badoer,Lime,2022-05-10,Half time
545,41785,Camillo Raurica-Impastato,Purple,1982-03-02,Half time
546,8753,Adriano Veneziano,Lime,2000-06-04,Half time
547,27432,Rosa Almagià,Purple,1991-02-25,Half time
548,34372,Achille Bosurgi,LawnGreen,2018-04-10,Half time
549,13842,Tatiana Dossi,Olive,2011-03-30,Half time
550,25624,Amalia Campanella,Olive,1982-09-12,Half time
551,13566,Adamo Mazzeo,LawnGreen,1973-12-27,Half time
552,85,Ermes Briccialdi,LawnGreen,1991-09-23,Half time
553,207,Piero Mocenigo,Purple,1989-01-13,Half time
554,276,Sig.ra Vittoria Comencini,Olive,2001-09-26,Half time
555,11872,Dott. Amanda Vanvitelli,Purple,2018-04-12,Half time
556,5106,Donato Vecoli-Biagiotti,DarkOrange,1997-11-20,Half time
557,2540,Riccardo Lancisi,DarkOrange,2015-05-16,Half time
558,24185,Tullio Sabatini,Lime,2008-08-21,Half time
559,28710,Dott. Greco Montanariello,Lime,1997-06-16,Half time
560,1875,Vincentio Asprucci-Ostinelli,DarkOrange,2006-08-28,Half time
561,27388,Sig. Benedetto Crespi,DarkOrange,1993-04-15,Half time
562,12668,Mario Endrizzi,Olive,1972-12-27,Half time
563,5793,Melina Granatelli,DarkOrange,2002-06-04,Half time
564,12384,Patrizia Ciani,DarkOrange,1977-06-24,Half time
565,7540,Arnaldo Fantozzi-Calgari,Lime,1978-09-20,Half time
566,21030,Giuliana Taliercio,Purple,1975-10-27,Half time
567,8028,Elena Bondumier-Comboni,Lime,1987-09-21,Half time
568,1772,Dott. Adriano Cardano,Olive,1988-02-16,Half time
569,19101,Adelasia Modiano,Olive,1995-07-07,Half time
570,34625,Eliana Callegari,Olive,1997-02-08,Half time
571,6250,Dott. Ilaria Malpighi,Lime,1991-12-27,Half time
572,16855,Orlando Tartaglia,Olive,1986-12-25,Half time
573,22475,Giada Cicala,Olive,1987-08-06,Half time
574,17400,Dott. Etta Malpighi,LawnGreen,2014-03-04,Half time
575,24870,Annibale Mazzanti,Olive,2011-09-24,Half time
576,14765,Melina Niscoromni,Olive,1988-08-02,Half time
577,10947,Gianmarco Morlacchi,Lime,1987-08-06,Half time
578,16676,Ricciotti Solari,LawnGreen,2015-06-22,Half time
579,16625,Letizia Pascarella,Lime,1973-11-19,Half time
580,2588,Sig. Ferdinando Scamarcio,Olive,1982-09-13,Half time
581,7160,Flora Grisoni,Purple,2022-02-01,Half time
582,22205,Gioacchino Grifeo,Purple,1987-01-07,Half time
583,8856,Uberto Spanevello,LawnGreen,1972-12-08,Half time
584,1040,Nicoletta Borroni-Zanichelli,Olive,2018-06-05,Half time
585,4166,Giuliano Vismara,Purple,1979-02-03,Half time
586,49975,Greca Fermi,Purple,2016-06-26,Half time
587,3910,Edoardo Ramazzotti,DarkOrange,1999-09-12,Half time
588,37748,Matilda Crisafulli-Lucchesi,Lime,2020-04-12,Half time
589,15012,Dott. Vincentio Casaleggio,DarkOrange,1987-09-29,Half time
590,13800,Dott. Federico Telesio,Purple,2003-10-25,Half time
591,25254,Daniele Cossiga-Babato,Olive,2021-01-25,Half time
592,1014,Tina Agazzi,DarkOrange,2020-06-27,Half time
593,9938,Dott. Pierina Cendron,Olive,2005-02-02,Half time
594,9929,Sig.ra Griselda Camilleri,Olive,1987-05-12,Half time
595,227,Dott. Saverio Scarfoglio,DarkOrange,1987-11-16,Half time
596,36000,Caterina Barracco-Sorrentino,DarkOrange,2012-06-05,Half time
597,10704,Alessia Veltroni,Purple,2013-08-21,Half time
598,11244,Ludovica Canevascini,Olive,2001-07-19,Half time
599,5472,Lorenzo Morucci,LawnGreen,1999-10-30,Half time
600,19362,Arnaldo Jacuzzi,DarkOrange,1989-03-24,Half time
601,27955,Ignazio Mazzacurati,Purple,1973-06-27,Half time
602,18232,Matilda Morlacchi,LawnGreen,1996-10-19,Half time
603,12565,Sig. Ermes Scarpetta,DarkOrange,1972-01-24,Half time
604,14352,Sig. Pasquale Bajardi,DarkOrange,1988-05-28,Half time
605,35760,Elvira Conte,Lime,2017-03-09,Half time
606,21848,Melania Pedersoli,LawnGreen,2022-06-13,Half time
607,23916,Bartolomeo Pedrazzini,LawnGreen,1982-05-25,Half time
608,14944,Monica Pedersoli,DarkOrange,1973-05-27,Half time
609,28760,Tonia Ritacca,Olive,2005-09-29,Half time
610,924,Leonardo Bocca,DarkOrange,1975-05-20,Half time
611,19872,Rocco Malenchini-Ubaldi,Lime,1979-05-28,Half time
612,17158,Dolores Segni-Columbo,DarkOrange,1978-11-14,Half time
613,36868,Rossana Golino-Bacosi,LawnGreen,2022-09-14,Half time
614,1686,Rembrandt Bossi,Lime,2016-01-09,Half time
615,8788,Stefano Morabito,DarkOrange,2006-06-01,Half time
616,11030,Cipriano Peruzzi,Olive,1984-12-31,Half time
617,22272,Sig.ra Claudia Carosone,DarkOrange,1973-02-07,Half time
618,18264,Martino Avogadro,Olive,2003-04-12,Half time
619,6488,Nicola Aporti-Borghese,Purple,1996-06-06,Half time
620,44970,Sig. Amedeo Argenti,Olive,1992-02-19,Half time
621,12535,Enrico Tencalla,LawnGreen,1972-07-03,Half time
622,26448,Chiara Barozzi,Lime,1970-02-13,Half time
623,40855,Sig. Ranieri Niggli,Lime,2022-03-06,Half time
624,5838,Guglielmo Boccaccio,DarkOrange,1995-08-23,Half time
625,3523,Dante Barzini,DarkOrange,2006-01-25,Half time
626,26460,Sig.ra Allegra Cannizzaro,DarkOrange,1990-07-12,Half time
627,16804,Ida Blasi,DarkOrange,1993-09-29,Half time
628,5047,Fausto Samele-Dellucci,DarkOrange,1981-02-24,Half time
629,37728,Dott. Eliana Vasari,Lime,2004-04-07,Half time
630,37384,Girolamo Petralli,LawnGreen,1978-11-20,Half time
631,22548,Flavia Falloppio,Olive,1998-01-07,Half time
632,9240,Dott. Stefani Polani,Olive,1991-10-04,Half time
633,5338,Giampiero Cendron-Ferrara,Purple,2003-03-17,Half time
634,3246,Aria Travaglio,LawnGreen,1987-10-31,Half time
635,18110,Gianni Chiaramonte,DarkOrange,2004-03-31,Half time
636,19614,Raffaella Crisafulli-Pisani,Purple,1988-08-13,Half time
637,3495,Pierpaolo Salgari,DarkOrange,2009-01-29,Half time
638,4824,Goffredo Giulietti,Olive,1994-04-01,Half time
639,29445,Stefania Franceschi,Purple,1975-03-05,Half time
640,843,Ilaria Sibilia-Vivaldi,LawnGreen,1978-12-29,Half time
641,1945,Maria Broggini,Purple,2017-10-20,Half time
642,27675,Cirillo Alonzi,DarkOrange,1975-06-23,Half time
643,3801,Sig.ra Marcella Chiaramonte,LawnGreen,1970-06-06,Half time
644,29955,Raffaella Guariento-Bazzi,LawnGreen,2018-03-27,Half time
645,1504,Vincenzo Ortese,Lime,2015-07-08,Half time
646,17200,Ludovico Mastroianni-Manzoni,DarkOrange,2015-03-15,Half time
647,5764,Ricciotti Ligorio,DarkOrange,2011-03-21,Half time
648,16404,Milena Cusano-Pasqua,DarkOrange,2015-03-26,Half time
649,1537,Gaetano Germano,Lime,2005-11-21,Half time
650,1620,Francesco Bersani,DarkOrange,2017-02-26,Half time
651,13672,Nicoletta Acerbi,DarkOrange,1996-08-12,Half time
652,9045,Sig. Rocco Scarpetta,Purple,1994-09-10,Half time
653,21927,Stefania Segrè,LawnGreen,2018-01-01,Half time
654,4183,Galasso Gradenigo,Purple,2017-01-06,Half time
655,19386,Sandro Segni-Giusti,Olive,1970-04-03,Half time
656,27837,Melissa Cammarata,Olive,1997-01-10,Half time
657,2472,Dott. Giancarlo Panzera,Olive,1992-03-08,Half time
658,27976,Coriolano Badoer,Purple,1992-05-28,Half time
659,1353,Eliana Turci,DarkOrange,1993-04-19,Half time
660,34848,Costantino Brambilla,Purple,1981-12-23,Half time
661,18309,Fiorenzo Redi,Purple,2015-10-11,Half time
662,47015,Irma Barozzi-Ceri,Purple,1982-06-09,Half time
663,10616,Gabriele Giorgetti,LawnGreen,1997-05-23,Half time
664,19154,Sig. Alessandro Rosselli,LawnGreen,1990-07-10,Half time
665,16052,Sig. Nanni Dalla,Purple,1998-08-26,Half time
666,3450,Dott. Annalisa Condoleo,Purple,2004-10-18,Half time
667,9764,Ornella Tiepolo,Lime,1996-01-02,Half time
668,24124,Alessio Ferrucci,LawnGreen,1979-12-17,Half time
669,15804,Virgilio Boitani,LawnGreen,1992-12-10,Half time
670,8490,Ezio Rensi,Purple,1975-02-23,Half time
671,29079,Sig. Cirillo Napolitano,Purple,1974-05-01,Half time
672,27745,Sebastiano Scarponi,DarkOrange,1989-12-18,Half time
673,28158,Dott. Tiziana Scialpi,Purple,1997-06-17,Half time
674,17888,Orazio Ferragni,DarkOrange,2021-11-29,Half time
675,4968,Amadeo Zanichelli,Lime,2022-10-13,Half time
676,7317,Raffaella Roncalli-Lerner,DarkOrange,2008-03-10,Half time
677,15346,Carolina Bodoni,LawnGreen,2020-07-03,Half time
678,1143,Valentina Innocenti-Nugnes,Purple,1984-05-21,Half time
679,2224,Tatiana Modiano,Olive,1982-05-24,Half time
680,13752,Sandro Polizzi-Mengolo,Lime,1997-06-28,Half time
681,26934,Amedeo Abate,Lime,2012-07-22,Half time
682,7935,Dott. Leopoldo Esposito,DarkOrange,2010-05-27,Half time
683,2620,Ida Papafava-Bonomo,Olive,2002-02-27,Half time
684,8818,Angelica Cutuli-Falloppio,Olive,1999-09-12,Half time
685,7114,Gianni Puccini,LawnGreen,1986-09-14,Half time
686,4966,Domenico Scialpi-Fogazzaro,LawnGreen,1979-06-10,Half time
687,17078,Dott. Marcella Trupiano,LawnGreen,1982-04-25,Half time
688,16275,Sig.ra Flavia Golgi,DarkOrange,2015-01-20,Half time
689,2341,Sig. Fedele Sommaruga,DarkOrange,1990-06-18,Half time
690,2764,Aria Gaito,Olive,1993-03-19,Half time
691,44315,Alessia Ceschi,LawnGreen,1999-10-07,Half time
692,28728,Ilaria Parini-Agnesi,DarkOrange,2004-10-12,Half time
693,21855,Sig.ra Fortunata Borzomì,Lime,1993-03-27,Half time
694,12770,Agostino Zanzi,Olive,1977-04-01,Half time
695,23010,Niccolò Panatta,LawnGreen,1988-09-04,Half time
696,6455,Dott. Francesco Gullotta,Olive,1997-11-30,Half time
697,5516,Allegra Paganini,Olive,2020-07-02,Half time
698,3795,Calogero Calgari-Peano,Olive,2020-12-23,Half time
699,12438,Daria Antonucci,Olive,1993-05-05,Half time
700,25491,Fabrizia Pertini,Olive,1973-05-25,Half time
701,2636,Benedetto Lippomano,LawnGreen,1978-06-07,Half time
702,8440,Gloria Broggini,Lime,2017-01-04,Half time
703,1029,Marissa Pizzamano,LawnGreen,1974-06-10,Half time
704,20965,Stella Casini,LawnGreen,2008-05-27,Half time
705,4676,Sig. Bernardo Polizzi,Olive,2006-02-11,Half time
706,3818,Virgilio Fioravanti,DarkOrange,2018-02-09,Half time
707,12784,Venancio Verga,Purple,2009-04-23,Half time
708,4640,Eleanora Filippelli,DarkOrange,2012-11-21,Half time
709,35615,Marco Cignaroli,Lime,2019-11-12,Half time
710,10880,Dott. Dino Rismondo,Purple,1980-12-21,Half time
711,5961,Gianpietro Gabbana,Purple,1985-06-22,Half time
712,14145,Sig. Alessio Rizzo,Lime,1988-09-16,Half time
713,5636,Roberta Valguarnera,Olive,1987-02-25,Half time
714,12725,Gioele Travaglio,Purple,2000-09-29,Half time
715,8917,Isabella Giacometti-Gianvecchio,Lime,1994-09-30,Half time
716,22676,Liberto Calarco-Marino,Olive,2015-03-03,Half time
717,16666,Virginia Ciampi,Purple,2009-11-03,Half time
718,23248,Dott. Francesca Gioberti,LawnGreen,1987-06-26,Half time
719,39670,Melina Tresoldi,Purple,2020-12-06,Half time
720,31956,Dolores Borgia,Purple,1983-12-06,Half time
721,20125,Armando Sraffa,DarkOrange,1972-03-15,Half time
722,1616,Dott. Simonetta Berengario,Lime,2021-05-13,Half time
723,8356,Loretta Segrè,Purple,1991-04-05,Half time
724,31010,Maria Alboni,LawnGreen,1984-02-03,Half time
725,13934,Sophia Basso,DarkOrange,1998-06-25,Half time
726,21294,Dott. Saverio Dossi,Purple,2000-08-02,Half time
727,9074,Lauretta Liverotti,Lime,2011-11-03,Half time
728,22685,Nicoletta Ferretti,DarkOrange,1982-08-27,Half time
729,23192,Galasso Marazzi,Olive,1972-08-02,Half time
730,1708,Leonardo Spinola,Purple,2018-10-23,Half time
731,49460,Ugolino Parini,Lime,2017-01-10,Half time
732,35960,Liana Avogadro,LawnGreen,2018-04-15,Half time
733,49250,Federica Bruscantini,Lime,1984-03-02,Half time
734,14375,Enzo Trevisani,LawnGreen,1999-02-16,Half time
735,543,Filippa Jilani-Cusano,Olive,1983-01-10,Half time
736,13310,Greco Pareto-Pignatti,Lime,1976-03-25,Half time
737,26656,Ubaldo Cerquiglini-Onio,DarkOrange,1978-12-24,Half time
738,7892,Piersanti Sabatini,Purple,1979-11-20,Half time
739,14382,Eva Mogherini,DarkOrange,1971-09-06,Half time
740,5111,Ruggiero Gualandi,Purple,1975-11-12,Half time
741,290,Daniele Giammusso,LawnGreen,2006-09-27,Half time
742,11798,Liana Gentileschi,DarkOrange,1986-12-06,Half time
743,27507,Michelotto Lercari-Trapanese,Purple,2018-12-31,Half time
744,7162,Giada Cainero,LawnGreen,2001-02-04,Half time
745,3580,Michele Tozzo,LawnGreen,2007-10-06,Half time
746,12519,Dina Prati,Olive,1993-09-26,Half time
747,21492,Ludovico Fiorucci,DarkOrange,1987-10-24,Half time
748,1142,Sonia Manzoni-Barillaro,Olive,2010-04-20,Half time
749,15892,Pomponio Gozzano,Olive,2020-09-14,Half time
750,38895,Isa Leone,DarkOrange,2008-07-08,Half time
751,25665,Valeria Farinelli,LawnGreen,2012-02-20,Half time
752,12615,Rossana Michelangeli-Rossetti,LawnGreen,2014-10-06,Half time
753,13395,Vanessa Franscini,Olive,1988-11-03,Half time
754,15158,Pierpaolo Doglioni,LawnGreen,2013-06-13,Half time
755,13629,Gianmarco Mercati,LawnGreen,2022-04-26,Half time
756,24150,Dino Ammaniti,DarkOrange,1974-10-07,Half time
757,27775,Jolanda Caetani-Bignami,DarkOrange,2022-03-31,Half time
758,18717,Severino Vianello,Purple,2019-06-26,Half time
759,18608,Raffaella Caracciolo,Olive,2010-06-14,Half time
760,910,Greca Guinizzelli,Olive,1997-09-08,Half time
761,7024,Stefania Viola,DarkOrange,1999-11-06,Half time
762,35020,Letizia Cortese,Olive,1982-05-14,Half time
763,4764,Giampaolo Rossini,Olive,2018-12-09,Half time
764,21216,Adamo Belletini,DarkOrange,2009-04-24,Half time
765,15032,Tatiana Platini,LawnGreen,1980-07-01,Half time
766,24996,Durante Vattimo,Lime,1987-01-04,Half time
767,26776,Clelia Polizzi,DarkOrange,1978-04-22,Half time
768,3741,Danilo Gabrieli-Pometta,LawnGreen,2016-11-07,Half time
769,4053,Dott. Ugolino Borsiere,Olive,2006-03-18,Half time
770,21384,Giada Crespi,Olive,1980-11-29,Half time
771,15018,Beppe Pepe,LawnGreen,2021-04-30,Half time
772,30435,Giovanni Fiorucci,Olive,1983-01-05,Half time
773,17544,Filippa Segrè,DarkOrange,2021-12-21,Half time
774,20592,Rosina Endrizzi,LawnGreen,1979-01-25,Half time
775,23652,Sylvia Zito,Olive,2004-06-02,Half time
776,818,Amanda Impastato-Viviani,Purple,1970-11-06,Half time
777,24810,Tiziano Iannucci-Manunta,LawnGreen,1988-11-21,Half time
778,13140,Nico Ferrara-Tedesco,Purple,2010-09-06,Half time
779,8190,Valerio Longhena,LawnGreen,1970-09-07,Half time
780,4780,Sig. Rosario Amaldi,Lime,1996-12-05,Half time
781,5992,Giuseppina Pisano,LawnGreen,2019-11-16,Half time
782,2915,Raffaella Barcella,Olive,2022-04-03,Half time
783,37356,Maria Accardo,LawnGreen,1990-11-09,Half time
784,7517,Paoletta Tamburello,Purple,2000-11-11,Half time
785,8133,Rosaria Renier,DarkOrange,2001-12-09,Half time
786,3008,Dott. Gianna Fischetti,Lime,2015-06-26,Half time
787,18116,Toni Basso,Olive,2007-05-31,Half time
788,10836,Sig. Dionigi Scarpa,Olive,2021-11-26,Half time
789,6884,Paulina Gelli,Olive,2007-04-13,Half time
790,34335,Margherita Ferrucci-Pizziol,Olive,1981-09-14,Half time
791,27416,Micheletto Campanella,Olive,1973-04-03,Half time
792,6106,Aurora Traetta,DarkOrange,1985-12-18,Half time
793,4489,Milo Foscari,LawnGreen,2011-07-10,Half time
794,699,Stefania Manacorda,DarkOrange,2022-02-15,Half time
795,8895,Michelangelo Faugno,Lime,1993-08-06,Half time
796,10120,Tonia Stradivari,Olive,1972-03-10,Half time
797,26165,Sandro Borroni-Camuccini,Lime,1983-04-05,Half time
798,40520,Sig.ra Silvia Prodi,Olive,1982-05-18,Half time
799,7086,Luchino Travaglia,DarkOrange,1972-09-30,Half time
800,14774,Sig. Eraldo Mannoia,Olive,1971-04-26,Half time
801,9986,Angelina Pausini,Purple,2019-07-08,Half time
802,2312,Rosaria Mercati,DarkOrange,1987-04-21,Half time
803,18860,Ugo Fallaci,Purple,1989-03-02,Half time
804,19280,Ninetta Mortati-Pirandello,Olive,1984-03-18,Half time
805,29328,Ernesto Depero,LawnGreen,1979-04-10,Half time
806,7389,Rosa Marangoni,Olive,2009-08-11,Half time
807,6604,Beppe Borsellino,LawnGreen,1973-12-14,Half time
808,17990,Erika Chiesa,Lime,1979-06-04,Half time
809,4292,Carla Morandini-Barcaccia,Purple,1975-09-25,Half time
810,16026,Vincenzo Pennetta,LawnGreen,1991-09-24,Half time
811,14916,Valentina Fabrizi,Olive,1984-07-28,Half time
812,28210,Barbara Montalti,DarkOrange,1995-01-14,Half time
813,6815,Valentina Spallanzani-Tartaglia,Lime,2010-08-31,Half time
814,3336,Elmo Barzini,Olive,1973-12-14,Half time
815,2913,Durante Cesaroni,Lime,1996-02-03,Half time
816,9398,Dott. Lisa Mazzi,DarkOrange,1984-08-06,Half time
817,16440,Luciana Pederiva,LawnGreen,2015-10-07,Half time
818,26217,Ansaldo Bresciani,Purple,1992-01-19,Half time
819,2790,Patrizio Gottardi,Lime,2005-08-21,Half time
820,19546,Aria Volterra-Jovinelli,DarkOrange,1984-09-10,Half time
821,23664,Roman Togliatti,DarkOrange,2020-01-27,Half time
822,6824,Costantino Vattimo,LawnGreen,1990-09-09,Half time
823,7473,Renzo Perozzo,DarkOrange,1996-10-05,Half time
824,1771,Licia Gargallo,DarkOrange,2016-11-11,Half time
825,22404,Elvira Foconi-Salgari,Olive,2021-10-23,Half time
826,15262,Monica Polesel-Schiavone,DarkOrange,1981-02-05,Half time
827,6275,Rolando Scalera,DarkOrange,2003-06-29,Half time
828,4770,Sophia Spanevello,LawnGreen,1999-07-05,Half time
829,1732,Lidia Visintini,Olive,1973-07-06,Half time
830,30850,Coriolano Schicchi,Lime,1997-02-22,Half time
831,3865,Ivan Jacuzzi,Purple,2018-02-22,Half time
832,24592,Germana Platini,DarkOrange,1983-10-06,Half time
833,34440,Sig.ra Emma Nievo,DarkOrange,2006-03-31,Part time
834,37852,Dott. Bartolomeo Cibin,LawnGreen,1997-02-28,Part time
835,18418,Tonino Benigni,Purple,1992-07-19,Part time
836,45975,Gian Coardi,DarkOrange,2005-06-22,Part time
837,47895,Sig. Marcello Infantino,Purple,1977-07-16,Part time
838,1700,Romana Panatta,DarkOrange,2006-03-12,Part time
839,4866,Sig. Puccio Quasimodo,Olive,2015-10-19,Part time
840,27416,Dott. Mario Morgagni,Lime,2022-05-06,Part time
841,47390,Imelda Sorrentino,Purple,2010-04-02,Part time
842,31048,Antonello Cimini-Bruscantini,DarkOrange,1995-11-02,Part time
843,2073,Dott. Nanni Sandi,LawnGreen,1982-03-06,Part time
844,38284,Veronica Monduzzi-Bonatti,Purple,1975-02-20,Part time
845,6345,Antonio Collodi,Purple,1978-01-28,Part time
846,3651,Alberico Carosone,Lime,1993-06-22,Part time
847,39396,Leopoldo Piccio,LawnGreen,1991-12-24,Part time
848,18446,Donna Trussardi,DarkOrange,1984-02-09,Part time
849,5955,Amedeo Boezio,Purple,1988-12-29,Part time
850,8480,Letizia Liverotti,LawnGreen,2010-05-26,Part time
851,15072,Carolina Finotto-Cicala,Purple,2022-05-19,Part time
852,10964,Renzo Brenna,Purple,2016-02-02,Part time
853,41730,Sandra Bertoni,Purple,2007-09-03,Part time
854,36940,Sig. Pier Flaiano,Lime,2009-04-22,Part time
855,14094,Sig. Ansaldo Lucchesi,LawnGreen,1997-07-19,Part time
856,2665,Victoria Marrone,LawnGreen,2018-11-15,Part time
857,22461,Olga Gentilini,Olive,1982-02-14,Part time
858,10476,Federica Ruberto,Olive,1991-01-05,Part time
859,26905,Galasso Trapanese,Lime,1973-10-11,Part time
860,7292,Pasqual Filogamo,Olive,2005-02-01,Part time
861,8618,Alberico Speri,Lime,2018-11-21,Part time
862,34800,Gustavo Cossiga,DarkOrange,1997-04-21,Part time
863,9408,Dott. Gilberto Volta,DarkOrange,2014-11-21,Part time
864,17640,Patrizia Simeoni,DarkOrange,1997-09-19,Part time
865,1015,Pierpaolo Barozzi-Antonucci,LawnGreen,2009-08-07,Part time
866,12222,Ugo Ciampi,Purple,2006-09-11,Part time
867,13282,Beppe Mortati,DarkOrange,1980-12-05,Part time
868,546,Lazzaro Lucchesi-Coardi,LawnGreen,2022-04-07,Part time
869,7718,Liana Pozzecco,Lime,2017-10-06,Part time
870,8834,Sebastiano Pezzali,Lime,1979-01-23,Part time
871,23672,Dott. Erika Mengolo,DarkOrange,1982-01-30,Part time
872,18494,Antonella Alighieri,LawnGreen,2012-09-27,Part time
873,18095,Erika Varano-Gasperi,Olive,1981-01-12,Part time
874,3078,Silvestro Cabrini,DarkOrange,1971-02-09,Part time
875,10964,Cristina Solimena,Olive,1996-01-13,Part time
876,14487,Tonia Bodoni,DarkOrange,1990-04-23,Part time
877,7818,Nicola Aloisio,Olive,2000-02-03,Part time
878,8793,Ivan Cocci-Filogamo,Purple,2019-07-11,Part time
879,32020,Daria Lupo,Lime,2015-05-26,Part time
880,37688,Mercedes Juvara,Purple,1997-10-27,Part time
881,4768,Dott. Tullio Nicolucci,Lime,1998-01-11,Part time
882,9267,Nedda Scialpi,LawnGreen,1987-12-31,Part time
883,6856,Giuliano Liverotti,DarkOrange,1997-06-08,Part time
884,18780,Lidia Bellò-Virgilio,Lime,1996-09-22,Part time
885,17692,Milena Tarantino-Roncalli,LawnGreen,2016-08-25,Part time
886,23112,Maria Galeati,DarkOrange,2009-12-14,Part time
887,12105,Giulia Fattori,Lime,1994-01-10,Part time
888,9875,Marco Visintini,DarkOrange,2021-09-05,Part time
889,37884,Susanna Agnesi,Lime,1994-07-26,Part time
890,9268,Luchino Marinetti,DarkOrange,2002-03-06,Part time
891,1022,Alina Rosmini,Lime,2010-06-01,Part time
892,10156,Luciano Camiscione,Purple,1978-03-03,Part time
893,35130,Sig. Giulio Zaccagnini,Lime,2006-09-13,Part time
894,13968,Loretta Rienzo,DarkOrange,1986-04-06,Part time
895,11106,Raffaella Pirelli,Olive,2014-01-21,Part time
896,7530,Marco Carocci,LawnGreen,2005-05-02,Part time
897,9019,Loredana Gianetti,Purple,2002-11-15,Part time
898,18392,Dina Orlando,DarkOrange,1995-11-17,Part time
899,16160,Rosalia Doglioni,LawnGreen,1982-11-19,Part time
900,8904,Mauro Tiepolo,Olive,1982-09-09,Part time
901,1206,Dott. Nedda Rastelli,Purple,1976-04-26,Part time
902,6896,Romolo Tosi-Carriera,Olive,1994-08-06,Part time
903,15358,Antonietta Longhena-Taliani,LawnGreen,2012-02-01,Part time
904,29073,Amedeo Amato,Lime,1979-11-06,Part time
905,3358,Telemaco Vecoli,Lime,2018-11-21,Part time
906,2681,Iolanda Moneta-Casagrande,Purple,1978-11-11,Part time
907,29160,Lara Moresi,Lime,1991-12-09,Part time
908,26368,Stefano Mannoia-Briccialdi,DarkOrange,2008-02-29,Part time
909,29756,Leopoldo Comeriato,LawnGreen,1984-06-05,Part time
910,13944,Paulina Maspero,Purple,2000-07-13,Part time
911,6438,Stefano Merisi,LawnGreen,1995-12-03,Part time
912,19394,Gianna Ramazzotti,Purple,1998-01-09,Part time
913,25564,Antonia Calvo,Lime,2004-11-22,Part time
914,9990,Sabatino Pisacane,Olive,1997-12-27,Part time
915,13614,Nicoletta Canil,LawnGreen,1980-05-15,Part time
916,21195,Armando Pucci,Purple,2010-07-03,Part time
917,33670,Galasso Catenazzi,DarkOrange,2004-09-08,Part time
918,6050,Severino Ginese,LawnGreen,1986-07-11,Part time
919,8055,Luigina Leonardi,LawnGreen,2020-08-10,Part time
920,13900,Imelda Germano,Olive,2003-02-05,Part time
921,37964,Marcella Colletti,DarkOrange,1973-03-19,Part time
922,31068,Atenulf Tirabassi,Olive,1998-05-19,Part time
923,35340,Mario Belletini,DarkOrange,1980-10-02,Part time
924,14966,Fausto Bondumier,DarkOrange,2013-01-06,Part time
925,12088,Guido Chinnici,Purple,1994-03-30,Part time
926,13325,Giulia Nitto,Olive,2005-02-17,Part time
927,12612,Dott. Donato Adinolfi,Purple,2016-02-09,Part time
928,34876,Livia Nonis,Olive,2007-02-25,Part time
929,28140,Graziella Fogazzaro,DarkOrange,2015-11-21,Part time
930,14070,Gianfrancesco Cavalcanti,LawnGreen,1977-02-16,Part time
931,23040,Enzo Tomei,LawnGreen,1976-11-24,Part time
932,18900,Tonia Taccola,DarkOrange,1990-01-01,Part time
933,7433,Evangelista Fornaciari,LawnGreen,2007-12-07,Part time
934,24905,Bruno Draghi,Olive,1987-12-06,Part time
935,33410,Ansaldo Fischetti,DarkOrange,2020-09-13,Part time
936,22936,Eleanora Giannone,Olive,2021-09-18,Part time
937,34815,Aurora Tosi-Silvestri,Lime,1986-07-26,Part time
938,20607,Dott. Rossana Barcaccia,DarkOrange,1977-06-13,Part time
939,16548,Venancio Tutino-Ceci,Olive,1979-07-31,Part time
940,8968,Sig. Lando Semitecolo,Purple,2017-02-18,Part time
941,2156,Annunziata Totino-Pepe,Olive,1982-06-14,Part time
942,9650,Raffaella Varano,Lime,1970-09-27,Part time
943,13076,Paolo Donatoni-Morucci,DarkOrange,2009-11-06,Part time
944,2118,Mariano Favata-Mancini,DarkOrange,1972-06-29,Part time
945,6816,Piersanti Sanguineti,Olive,2019-10-13,Part time
946,10838,Umberto Malaparte,Purple,2004-06-16,Part time
947,17264,Adamo Babato-Dovara,Purple,2017-12-13,Part time
948,3138,Vanessa Basadonna-Tacchini,DarkOrange,2020-09-29,Part time
949,12812,Augusto Tornatore,DarkOrange,1997-06-15,Part time
950,13626,Sig. Martino Righi,Purple,1999-09-10,Part time
951,15192,Dott. Flavia Tomasetti,Olive,1978-07-21,Part time
952,4263,Bruno Piazzi,Lime,1993-01-20,Part time
953,6921,Ermenegildo Pertini,LawnGreen,1983-11-14,Part time
954,11815,Sig. Girolamo Rienzo,Olive,1995-10-18,Part time
955,4107,Vincenza Surian,Lime,1976-03-18,Part time
956,17785,Dott. Federigo Guarato,LawnGreen,2007-08-03,Part time
957,21870,Martino Dulbecco,LawnGreen,1987-04-13,Part time
958,7381,Angelica Finzi,DarkOrange,2007-02-23,Part time
959,37580,Giovanni Civaschi,LawnGreen,1980-01-07,Part time
960,32560,Dott. Ezio Donarelli,LawnGreen,2017-02-01,Part time
961,26785,Ornella Cassarà-Rizzo,DarkOrange,1980-05-20,Part time
962,18372,Carolina Botticelli,Purple,2021-01-24,Part time
963,17204,Sig.ra Sonia Tarantino,Olive,2007-07-09,Part time
964,14944,Melania Emanuelli,Olive,1988-07-02,Part time
965,315,Franco Scotti,Lime,2008-01-09,Part time
966,9008,Giacobbe Molesini-Boccherini,Lime,1974-10-19,Part time
967,16620,Adele Polesel-Soffici,Lime,1993-06-26,Part time
968,6336,Ruggiero Giradello,LawnGreen,1973-10-09,Part time
969,30912,Alina Cristoforetti-Pacetti,Lime,1988-10-07,Part time
970,6876,Maria Spallanzani,Purple,2006-04-10,Part time
971,29515,Sophia Moresi,Olive,1988-06-06,Part time
972,6762,Lucio Letta,Purple,2012-12-15,Part time
973,10926,Graziano Sraffa,Purple,2000-04-13,Part time
974,7006,Gloria Lovato,LawnGreen,1982-02-23,Part time
975,2805,Evangelista Scialpi-Modiano,Lime,2003-07-01,Part time
976,1172,Elisa Vespa,LawnGreen,2022-08-12,Part time
977,7624,Clelia Gussoni,LawnGreen,1978-08-17,Part time
978,4915,Lilla Scalera,Purple,2015-01-06,Part time
979,47065,Allegra Puccini,LawnGreen,1988-01-06,Part time
980,19353,Gianfranco Scalera-Cerutti,Purple,1993-10-24,Part time
981,7723,Enzio Foconi,Lime,1998-07-14,Part time
982,14940,Milena Faggiani,Purple,2001-03-02,Part time
983,35616,Dolores Ciani,Olive,2010-12-02,Part time
984,19226,Roberto Cilea,Purple,1978-05-09,Part time
985,37512,Santino Tafuri,Purple,1991-10-30,Part time
986,7816,Biagio Mogherini,DarkOrange,1999-05-13,Part time
987,2004,Calogero Surian,LawnGreen,2004-07-13,Part time
988,21635,Vito Sibilia,DarkOrange,1992-02-29,Part time
989,15236,Melania Paruta,Purple,1978-05-18,Part time
990,44120,Piergiuseppe Rastelli,Olive,2007-07-04,Part time
991,4082,Dott. Gianfranco Cagnotto,Purple,1970-11-29,Part time
992,37010,Veronica Parmitano-Brunello,Lime,2000-02-25,Part time
993,14568,Tonia Rosselli-Pigafetta,DarkOrange,1972-12-09,Part time
994,19910,Alessandra Franceschi,Olive,2022-03-14,Part time
995,11828,Piermaria Castioni,DarkOrange,2018-07-27,Part time
996,28014,Adelasia Sagese,Olive,2000-10-02,Part time
997,4912,Gianluigi Basso-Boccaccio,Olive,1997-03-06,Part time
998,14097,Lodovico Balbi-Bonanno,Purple,1973-03-07,Part time
999,33976,Letizia Malenchini-Botta,LawnGreen,1971-10-02,Part time
